title,like,price,url,sold
欅坂 ガラスを割れ ポスター,0,9999999,https://item.mercari.com/jp/m37196254004/,0
欅坂 ガラスを割れ 特典,0,5555555,https://item.mercari.com/jp/m88243519167/,0
乃木坂 欅坂 ポスター まとめ,5,5000000,https://item.mercari.com/jp/m76141499962/,0
欅坂 ガラスを割れ ポスター,4,464646,https://item.mercari.com/jp/m20390930453/,0
ポスター 今泉佑唯ガラスを割れ,1,100000,https://item.mercari.com/jp/m63530957026/,0
今泉佑唯 タペストリー ポスター,4,99999,https://item.mercari.com/jp/m31196072331/,0
欅坂 二人セゾン サイン入り ポスター,25,84000,https://item.mercari.com/jp/m20244109186/,0
志田愛佳 直筆サイン ポスター,3,50000,https://item.mercari.com/jp/m50083666505/,0
欅坂乃木坂グッズ生写真ポスター 写真集大量,2,50000,https://item.mercari.com/jp/m38065349579/,0
欅坂 まとめ売り,0,38888,https://item.mercari.com/jp/m96717447568/,0
欅坂 ポスター 種類セット,25,37500,https://item.mercari.com/jp/m94637056379/,0
欅坂 公式ポスター 長濱ねるをのぞく枚セット,0,34500,https://item.mercari.com/jp/m99331345622/,0
様専用,5,28680,https://item.mercari.com/jp/m17158069106/,1
欅坂,18,27777,https://item.mercari.com/jp/m99378476288/,0
都会情報様専用,3,19999,https://item.mercari.com/jp/m26633930484/,1
欅坂 ガラスを割れ 風に吹かれても ポスター,3,18888,https://item.mercari.com/jp/m60364330093/,0
欅坂 原田葵 直筆サイン入りアナログポスター,10,18000,https://item.mercari.com/jp/m83177476972/,1
乃木坂 写真集 雑誌 まとめ売り,3,14444,https://item.mercari.com/jp/m23743771302/,0
欅坂 ガラスを割れ ポスター,4,14000,https://item.mercari.com/jp/m69356655788/,0
欅坂 全タイプＣＤ 生写真付き,6,12000,https://item.mercari.com/jp/m78090593934/,1
欅 ポスター,2,11111,https://item.mercari.com/jp/m51036941307/,0
欅坂 ポスター 長濱ねる 枚セット,2,10000,https://item.mercari.com/jp/m34658296647/,1
卍峠さん専用 欅坂 ポスター 今泉佑唯 枚セット,4,9888,https://item.mercari.com/jp/m20395348384/,1
レア品欅坂「ガラスを割れ」店頭告知ポスター額装,4,8800,https://item.mercari.com/jp/m57332129347/,1
平手友梨奈 ポスター 二種,15,8666,https://item.mercari.com/jp/m83447531944/,0
欅坂 けやき坂 ガラスを割れ ポスター コンプ,10,8500,https://item.mercari.com/jp/m51451968961/,0
欅坂 ポスター 長濱ねる 枚セット,4,8400,https://item.mercari.com/jp/m54001609297/,1
今泉佑唯ポスターセット,5,8000,https://item.mercari.com/jp/m61975062191/,1
欅坂 平手友梨奈 ガラスを割れポスター,4,8000,https://item.mercari.com/jp/m45440910477/,0
欅坂 シングル ガラスを割れ ポスター,4,8000,https://item.mercari.com/jp/m43288071325/,1
長濱ねる ポスターセット,2,8000,https://item.mercari.com/jp/m62524872193/,1
欅坂 けやき坂 ガラスを割れ ポスター セミコンプ,10,8000,https://item.mercari.com/jp/m22969357077/,0
小坂菜緒 生写真 コンプ まとめ売り,1,7888,https://item.mercari.com/jp/m55642799110/,1
欅坂 ガラスを割れ 今泉佑唯ポスター,6,7500,https://item.mercari.com/jp/m73613660865/,0
欅坂 渡邉理佐 ポスター枚セット,7,7333,https://item.mercari.com/jp/m10890465658/,0
欅坂 アルバム その他,6,7000,https://item.mercari.com/jp/m52022721291/,1
欅坂 平手友梨奈 ガラスを割れ ポスター,1,7000,https://item.mercari.com/jp/m28415069506/,0
平手友梨奈 ポスター,2,6666,https://item.mercari.com/jp/m24606966403/,1
欅坂 今泉佑唯 ポスター,1,6555,https://item.mercari.com/jp/m45373753630/,1
金曜日まで値下げ 乃木坂 シンクロニシティ 会場限定ポスター 齋藤飛鳥,7,6500,https://item.mercari.com/jp/m70407392664/,1
平手友梨奈 神の手 グッズ 点,1,6480,https://item.mercari.com/jp/m80409233625/,1
欅坂 今泉佑唯 ポスター ガラスを割れ,3,6000,https://item.mercari.com/jp/m48651441549/,0
欅坂  ガラスを割れ 渡邉理佐 ポスター,1,6000,https://item.mercari.com/jp/m54216024201/,0
加藤史帆 齊藤京子 高本彩花 佐々木久美 ポスター ひらがなけやき,2,6000,https://item.mercari.com/jp/m22143959982/,0
欅坂 長濱ねる ガラスを割れポスター,5,6000,https://item.mercari.com/jp/m52543159323/,0
欅坂 ひらがなけやき ポスター ガラスを割れ,2,5999,https://item.mercari.com/jp/m26204095398/,0
欅坂 長濱ねる ガラスを割れポスター,5,5999,https://item.mercari.com/jp/m88628762297/,0
欅坂 ガラスを割れ 今泉佑唯 ポスター,5,5900,https://item.mercari.com/jp/m87225583862/,1
様 専用,2,5888,https://item.mercari.com/jp/m54354874064/,1
菅井友香 ポスター 二種,4,5555,https://item.mercari.com/jp/m25511334003/,0
欅坂 加藤史帆 ポスター,1,5555,https://item.mercari.com/jp/m41603538721/,1
欅坂 ポスター ガラスを割れ,3,5555,https://item.mercari.com/jp/m84110032869/,0
平手友梨奈 ガラスを割れポスター,3,5000,https://item.mercari.com/jp/m74995921123/,0
欅坂 ポスター,1,5000,https://item.mercari.com/jp/m94252310589/,1
今泉佑唯 欅坂 ガラスを割れ ポスター,3,4999,https://item.mercari.com/jp/m12091324823/,0
さん専用,4,4900,https://item.mercari.com/jp/m91748638748/,1
欅坂 ポスター 平手友梨奈,3,4888,https://item.mercari.com/jp/m20782818766/,1
日曜日まで値下げシングルポスター欅坂,6,4800,https://item.mercari.com/jp/m51938729396/,0
ポスター 欅坂 今泉佑唯 ガラスを割れ,11,4777,https://item.mercari.com/jp/m36904545357/,1
さとる様専用 欅坂  ガラスを割れ 今泉佑唯  ポスター,3,4750,https://item.mercari.com/jp/m43633425858/,1
欅坂 シングル 全国握手会 参加券,1,4666,https://item.mercari.com/jp/m53417523990/,1
ポスター平手友梨奈,9,4600,https://item.mercari.com/jp/m16425780661/,0
ポスター平手友梨奈×,9,4600,https://item.mercari.com/jp/m35830583711/,1
渡邉理佐 欅坂 ガラスを割れ ポスター,0,4555,https://item.mercari.com/jp/m49781049393/,1
今日限定値下げ シンクロニシティ 会場限定ポスター 生駒里奈,14,4500,https://item.mercari.com/jp/m86358661217/,0
渡邉理佐 ポスター,5,4500,https://item.mercari.com/jp/m54177887651/,0
欅坂 ポスター 今泉佑唯,2,4500,https://item.mercari.com/jp/m62105608146/,1
今泉佑唯 ポスター,0,4444,https://item.mercari.com/jp/m32947361616/,1
欅坂 けやき坂 ガラスを割れ ポスター 渡邊美穂 潮紗理菜 値下げ可能,2,4444,https://item.mercari.com/jp/m27274455666/,0
欅坂 平手友梨奈 ガラスを割れ ポスター,4,4444,https://item.mercari.com/jp/m66537947736/,1
欅坂ポスター,0,4444,https://item.mercari.com/jp/m98496718406/,0
欅坂 ポスター 風に吹かれてもガラスを割れ 小池美波,0,4444,https://item.mercari.com/jp/m42867114564/,1
欅坂 渡邉理佐 ポスター,4,4444,https://item.mercari.com/jp/m81070881699/,0
今泉佑唯 欅坂 ガラスを割れ ポスター 会場限定,5,4444,https://item.mercari.com/jp/m31473750583/,1
欅坂ガラスを割れ今泉佑唯,7,4444,https://item.mercari.com/jp/m85346204678/,1
欅坂 ガラスを割れ ポスター 渡邉理佐,2,4444,https://item.mercari.com/jp/m81359791790/,1
欅坂 渡邉理佐 ポスター,4,4333,https://item.mercari.com/jp/m54846131241/,1
欅坂 ガラスを割れ ポスター 今泉佑唯,2,4250,https://item.mercari.com/jp/m10951943426/,1
欅坂渡邉理佐 ポスター ガラスを割れ,3,4222,https://item.mercari.com/jp/m76665395980/,0
欅坂 今泉佑唯 ポスター,3,4222,https://item.mercari.com/jp/m35819429672/,1
欅坂 ポスター,4,4200,https://item.mercari.com/jp/m16479142318/,0
欅坂 小林由依 ポスター ガラスを割れ,2,4111,https://item.mercari.com/jp/m70246681300/,1
欅坂 渡邉理佐 ポスター,1,4000,https://item.mercari.com/jp/m29946020996/,0
欅坂 平手友梨奈 ポスター,12,4000,https://item.mercari.com/jp/m70248703260/,0
欅坂 今泉佑唯 ポスター,5,4000,https://item.mercari.com/jp/m46752038283/,1
河田陽菜 金村美玖 ガラスを割れ ひらがなけやき ポスター,3,4000,https://item.mercari.com/jp/m50969561964/,0
長濱ねる ポスター,7,4000,https://item.mercari.com/jp/m41804107746/,1
今泉佑唯ポスター,0,4000,https://item.mercari.com/jp/m23153193525/,1
けやき坂 金村美久 ポスター,0,4000,https://item.mercari.com/jp/m23551918038/,0
ガラスを割れ 今泉佑唯 ポスター,1,4000,https://item.mercari.com/jp/m55643324103/,1
欅坂 菅井友香 ガラスを割れポスター,5,4000,https://item.mercari.com/jp/m65407872272/,0
平手友梨奈 ポスター,8,4000,https://item.mercari.com/jp/m87957286821/,1
さん専用,5,4000,https://item.mercari.com/jp/m23743916690/,1
欅坂 平手友梨奈ポスター,8,4000,https://item.mercari.com/jp/m65406612200/,1
※購入不可　悠様専用,0,4000,https://item.mercari.com/jp/m13846306712/,1
欅坂 今泉佑唯 ポスター,3,4000,https://item.mercari.com/jp/m51075170318/,1
欅坂 ガラスを割れ 今泉佑唯 ポスター,6,4000,https://item.mercari.com/jp/m87698802813/,1
欅坂ガラスを割れ 渡邉理佐ポスター,4,4000,https://item.mercari.com/jp/m40784252601/,1
※購入不可　　　 様専用,3,4000,https://item.mercari.com/jp/m12244811130/,1
欅坂 渡邉理佐 ポスター ガラスを割れ 会場限定,3,4000,https://item.mercari.com/jp/m97463658636/,1
欅坂 守屋茜 ポスター,0,4000,https://item.mercari.com/jp/m78669792733/,0
小林由依 ガラスを割れ ポスター,2,3999,https://item.mercari.com/jp/m26580002751/,1
欅坂 ポスター ガラスを割れ,1,3999,https://item.mercari.com/jp/m82506240619/,1
今泉佑唯 欅坂 ガラスを割れ ポスター,4,3999,https://item.mercari.com/jp/m30131025300/,1
欅坂 今泉佑唯 ガラスを割れ ポスター,0,3900,https://item.mercari.com/jp/m49828568649/,1
渡邉理佐 ポスター,4,3900,https://item.mercari.com/jp/m37443969870/,1
最終値下げ欅坂 ポスター,6,3900,https://item.mercari.com/jp/m41570216617/,1
欅坂 ポスター 渡邉理佐 ガラスを割れ,1,3900,https://item.mercari.com/jp/m15429682159/,1
欅坂 長濱ねる ポスター,8,3888,https://item.mercari.com/jp/m80616923741/,1
様 専用,3,3888,https://item.mercari.com/jp/m66344194451/,1
欅坂 平手友梨奈 ポスター,6,3888,https://item.mercari.com/jp/m91767894869/,1
欅坂 ポスター ガラスを割れ 小林由依,5,3888,https://item.mercari.com/jp/m87233093813/,1
欅坂 ガラスを割れ 渡邉理佐 ポスター,14,3888,https://item.mercari.com/jp/m58704936265/,0
欅坂 ガラスを割れ 今泉佑唯 ポスター,2,3888,https://item.mercari.com/jp/m47222721280/,1
欅坂 ガラスを割れ 渡邉理佐 ポスター,1,3888,https://item.mercari.com/jp/m15133572872/,1
欅坂 ガラスを割れ ポスター 今泉佑唯,1,3888,https://item.mercari.com/jp/m11053601966/,1
欅坂 ガラスを割れ ポスター まとめ、個別売り 長沢 小池,3,3888,https://item.mercari.com/jp/m25300281742/,0
ガラスを割れ ポスター 長濱ねる,1,3888,https://item.mercari.com/jp/m79387233412/,1
欅坂 ポスター 渡邉理佐,4,3888,https://item.mercari.com/jp/m87452521910/,1
ポスター 欅坂 渡邉理佐,2,3888,https://item.mercari.com/jp/m16666588177/,1
欅坂 ガラスを割れ ポスター 長濱ねる,4,3888,https://item.mercari.com/jp/m29772444511/,1
欅坂 ガラスを割れ ポスター 平手友梨奈,12,3850,https://item.mercari.com/jp/m39478783103/,1
欅坂 渡邉理佐 ポスター,2,3800,https://item.mercari.com/jp/m89717016903/,1
欅坂 平手友梨奈 ポスター,9,3800,https://item.mercari.com/jp/m77058433913/,1
欅坂 今泉佑唯 ポスター ガラスを割れ,5,3800,https://item.mercari.com/jp/m73562664523/,0
欅坂 ガラスを割れ ポスター 今泉佑唯 最終価格,2,3800,https://item.mercari.com/jp/m87922515680/,1
平手友梨奈 ポスター,2,3799,https://item.mercari.com/jp/m58245395083/,1
欅坂 ポスター 上村莉菜 織田奈那 土生瑞穂 ガラスを割れ,1,3777,https://item.mercari.com/jp/m73622702163/,0
欅坂 渡邉理佐 ポスター,7,3777,https://item.mercari.com/jp/m39169958841/,1
ポスター 欅坂 平手友梨奈,8,3777,https://item.mercari.com/jp/m53103604427/,1
長濱ねる ポスター,5,3777,https://item.mercari.com/jp/m60233264782/,1
値下げ中欅坂 ポスター,3,3777,https://item.mercari.com/jp/m41238599786/,1
様専用,2,3777,https://item.mercari.com/jp/m56116257687/,1
欅坂 ガラスを割れ ポスター 平手友梨奈,2,3700,https://item.mercari.com/jp/m97771237550/,1
欅坂 ガラスを割れ ポスター 渡邊理佐,5,3700,https://item.mercari.com/jp/m11938947653/,1
欅坂 渡邉理佐 ポスター  ガラスを割れ,3,3700,https://item.mercari.com/jp/m73563637161/,1
欅坂ポスター長濱ねる,7,3700,https://item.mercari.com/jp/m79828122683/,1
欅坂 渡邉理佐 ポスター,0,3700,https://item.mercari.com/jp/m72134392849/,1
ポスター ガラスを割れ 渡邉理佐,1,3699,https://item.mercari.com/jp/m75255601802/,1
欅坂 今泉佑唯 ガラスを割れ ポスター,4,3666,https://item.mercari.com/jp/m35903988786/,1
あはさん専用 平手友梨奈,5,3666,https://item.mercari.com/jp/m96951092423/,1
欅坂 小林由依 ポスター,8,3666,https://item.mercari.com/jp/m33349291447/,1
欅坂 渡邉理佐 ポスター,10,3666,https://item.mercari.com/jp/m50420184809/,0
欅坂 ガラスを割れ 菅井友香ポスター,0,3666,https://item.mercari.com/jp/m19558936077/,1
欅坂小林由依ポスター,1,3666,https://item.mercari.com/jp/m89204175598/,1
欅坂 ガラスを割れ 今泉佑唯 ポスター,8,3666,https://item.mercari.com/jp/m65710204462/,1
欅坂 ガラスを割れ 今泉佑唯 ポスター,4,3666,https://item.mercari.com/jp/m46686617185/,1
風に吹かれても 会場 ポスター 欅坂 渡辺梨加,5,3666,https://item.mercari.com/jp/m88343715521/,1
欅坂 風に吹かれても ポスター ジャケ写,5,3555,https://item.mercari.com/jp/m98867691961/,0
欅坂 今泉佑唯 ガラスを割れ ポスター,3,3555,https://item.mercari.com/jp/m37188393156/,1
けやき坂 東村芽依 ポスター,6,3555,https://item.mercari.com/jp/m54056142857/,0
小林由依 ポスター,7,3555,https://item.mercari.com/jp/m77914266924/,1
欅坂 ポスター 平手友梨奈 ガラスを割れ,0,3555,https://item.mercari.com/jp/m19900312441/,1
欅坂 今泉佑唯 ポスター ガラスを割れ,5,3555,https://item.mercari.com/jp/m65576886432/,1
欅坂 小林由依 ポスター,1,3555,https://item.mercari.com/jp/m59511502767/,1
もっちねる推しさん専用 欅坂 ガラスを割れポスター 長濱ねる,2,3555,https://item.mercari.com/jp/m33457349841/,1
欅坂 齊藤京子 ポスター,2,3555,https://item.mercari.com/jp/m34608407808/,1
欅坂 平手友梨奈 ポスター,3,3555,https://item.mercari.com/jp/m37494633802/,1
欅坂 今泉佑唯 ポスター ガラスを割れ会場限定,16,3555,https://item.mercari.com/jp/m29477953425/,1
欅坂 小坂菜緒 ポスター ガラスを割れ,13,3550,https://item.mercari.com/jp/m46695595773/,0
欅坂 菅井友香 他 グッズ,2,3500,https://item.mercari.com/jp/m90861199948/,1
欅坂 ガラスを割れ 今泉佑唯 ポスター,2,3500,https://item.mercari.com/jp/m43559584848/,1
ポスター小林由依,0,3500,https://item.mercari.com/jp/m61422722715/,1
ポスター小林由依※様専用,2,3500,https://item.mercari.com/jp/m84443547859/,1
欅坂ガラスを割れ 長濱ねるポスター,8,3500,https://item.mercari.com/jp/m82604529998/,1
今泉佑唯　ガラスを割れ　ポスター,0,3500,https://item.mercari.com/jp/m22093570727/,1
けやき坂 齊藤京子 ポスター,1,3500,https://item.mercari.com/jp/m10740910636/,0
欅坂 シングル ガラスを割れ ポスター 長濱ねる,4,3500,https://item.mercari.com/jp/m42597764878/,1
欅坂全国握手券 濱岸ひよりポスター,0,3500,https://item.mercari.com/jp/m77761429834/,1
長濱ねる 欅坂  ガラスを割れ ポスター,11,3500,https://item.mercari.com/jp/m22763500646/,1
欅坂 ポスター,2,3500,https://item.mercari.com/jp/m91390433109/,1
長濱ねる ポスター 欅坂 ガラス割れ,2,3500,https://item.mercari.com/jp/m12146781637/,1
欅坂 平手友梨奈ポスター ガラスを割れ,7,3500,https://item.mercari.com/jp/m98639445975/,1
欅坂 鈴本美優 ポスター,3,3499,https://item.mercari.com/jp/m76936827591/,0
渡邉理佐　ポスター,2,3400,https://item.mercari.com/jp/m90167727800/,1
日曜日まで値下げシングルポスター枚セット欅坂,7,3400,https://item.mercari.com/jp/m17792613013/,0
ポスター 平手友梨奈 風に吹かれても,1,3400,https://item.mercari.com/jp/m94649521338/,1
平手友梨奈 ポスター ガラスを割れ,8,3333,https://item.mercari.com/jp/m57468169269/,1
欅坂オーダーメイドスマホケース、手帳型対応,9,3333,https://item.mercari.com/jp/m62493868967/,0
平手友梨奈 ポスター,16,3333,https://item.mercari.com/jp/m74874015113/,1
欅坂 小林由依 ガラスを割れポスター,3,3333,https://item.mercari.com/jp/m38944936238/,0
欅坂 渡邊理佐 シングル ポスター,5,3333,https://item.mercari.com/jp/m12217594085/,1
欅坂 ガラスを割れ 渡邉理佐ポスター,2,3333,https://item.mercari.com/jp/m31933338284/,1
シンクロニシティ 会場限定ポスター ジャケ写 タイプ,3,3333,https://item.mercari.com/jp/m22378359241/,1
欅坂ポスター,3,3333,https://item.mercari.com/jp/m60140376215/,1
欅坂 小林由依 ポスター,1,3333,https://item.mercari.com/jp/m90049224837/,1
欅坂 ポスター 小林由依,0,3333,https://item.mercari.com/jp/m27672930362/,1
欅坂 渡辺梨加 ガラスを割れ ポスター,1,3333,https://item.mercari.com/jp/m45362324609/,1
欅坂 渡辺梨加 ポスター,2,3333,https://item.mercari.com/jp/m26596545422/,0
欅坂 菅井友香 ポスター,2,3333,https://item.mercari.com/jp/m19564108203/,1
志田愛佳 ポスター,4,3333,https://item.mercari.com/jp/m18572157234/,0
けやき坂 柿崎芽実 ポスター,0,3333,https://item.mercari.com/jp/m64749866004/,0
欅坂 ガラスを割れポスター 菅井友香,2,3333,https://item.mercari.com/jp/m44983815064/,1
欅坂　長濱ねる　ポスター,3,3333,https://item.mercari.com/jp/m88948499076/,1
欅坂オーダーメイドスマホケース、手帳型可能,38,3333,https://item.mercari.com/jp/m66525725452/,0
小林由依 ポスター,4,3333,https://item.mercari.com/jp/m15197018194/,1
欅坂 全握券 枚,1,3333,https://item.mercari.com/jp/m67441244004/,1
ガラスを割れのポスター 平手友梨奈,2,3333,https://item.mercari.com/jp/m83351146680/,1
欅坂  ガラスを割れ 菅井友香 ポスター,3,3333,https://item.mercari.com/jp/m63536296333/,1
欅坂 菅井友香 ガラスを割れ ポスター,3,3333,https://item.mercari.com/jp/m14505054601/,1
ポスター ガラスを割れ 平手友梨奈,8,3333,https://item.mercari.com/jp/m48947518341/,1
欅坂 平手友梨奈 ガラスを割れ ポスター 会場限定,34,3333,https://item.mercari.com/jp/m71980364125/,1
欅坂 平手友梨奈 ガラスを割れ ポスター,1,3298,https://item.mercari.com/jp/m21157756541/,1
菅井友香 ポスター,3,3222,https://item.mercari.com/jp/m37651513570/,1
ガラスを割れ 平手友梨奈 ポスター,4,3222,https://item.mercari.com/jp/m95790831952/,1
サヨナラの意味 乃木坂 ハードタイプ,5,3200,https://item.mercari.com/jp/m37082864653/,0
欅坂 渡邉理佐 ポスター,2,3200,https://item.mercari.com/jp/m43636295520/,1
小坂菜緒 ポスター,0,3200,https://item.mercari.com/jp/m82192106439/,0
欅坂 小林由依 ポスター,0,3111,https://item.mercari.com/jp/m70103802507/,1
欅坂 小林由依 ガラスを割れ ポスター,1,3111,https://item.mercari.com/jp/m92183598359/,1
欅坂 ポスター 長濱ねる,14,3111,https://item.mercari.com/jp/m90215165556/,1
ガラスを割れ 小林由依 ポスター,10,3111,https://item.mercari.com/jp/m72015004480/,1
乃木坂 けやき坂 ポスターセット,4,3100,https://item.mercari.com/jp/m18911386966/,1
欅坂 菅井友香 ガラスを割れポスター,3,3000,https://item.mercari.com/jp/m17799243856/,0
小坂菜緒 欅坂  ガラスを割れ ポスター,4,3000,https://item.mercari.com/jp/m24925985215/,0
欅坂 平手友梨奈 ポスター,14,3000,https://item.mercari.com/jp/m15055494639/,1
けやき坂 小坂菜緒 ガラスを割れ ポスター,10,3000,https://item.mercari.com/jp/m94681681882/,0
シンクロニシティ 乃木坂,0,3000,https://item.mercari.com/jp/m28335781775/,1
乃木坂 裸足で スマホケース,6,3000,https://item.mercari.com/jp/m21913144553/,1
ケース セミオーダー ミュージック風 ハードタイプ,18,3000,https://item.mercari.com/jp/m24930082471/,0
欅坂 渡邉理佐 ガラスを割れ 握手会場限定 ポスター,2,3000,https://item.mercari.com/jp/m80011961232/,1
送料込欅坂 ガラスを割れ 販促ポスター,14,3000,https://item.mercari.com/jp/m42127695300/,0
様専用 欅坂 菅井友香 ポスター ガラスを割れ,1,3000,https://item.mercari.com/jp/m92086611463/,1
欅坂 小林由依 ガラスを割れ ポスター,1,3000,https://item.mercari.com/jp/m80761993960/,1
欅坂 ポスター 渡辺梨加,11,3000,https://item.mercari.com/jp/m57076962255/,1
欅坂 志田愛佳 ポスター,0,3000,https://item.mercari.com/jp/m74785305081/,0
欅坂 ガラスを割れポスター 平手友梨奈,5,3000,https://item.mercari.com/jp/m91308648254/,1
非売品欅坂「ガラスを割れ」店頭告知用ポスター,2,3000,https://item.mercari.com/jp/m72855211132/,1
長濱ねる 欅坂 ポスター,7,3000,https://item.mercari.com/jp/m17208044354/,1
ガラスを割れ ポスター けやき坂枚セット,1,3000,https://item.mercari.com/jp/m78628283743/,1
値下げ中欅坂 ポスター,2,3000,https://item.mercari.com/jp/m82453854767/,1
欅坂 今泉佑唯 ポスター,0,3000,https://item.mercari.com/jp/m21796261033/,1
欅坂 平手友梨奈 ポスター,2,3000,https://item.mercari.com/jp/m10811696489/,1
欅坂 長濱ねる ガラスを割れ ポスター,1,3000,https://item.mercari.com/jp/m98231074078/,1
欅坂 小林由依 ポスター ガラスを割れ,6,3000,https://item.mercari.com/jp/m17297205355/,1
ハズレ様 専用,4,2999,https://item.mercari.com/jp/m72099086126/,1
欅坂 渡邉理佐 ガラスを割れ ポスター,1,2999,https://item.mercari.com/jp/m38016917033/,1
欅坂 シングル ガラスを割れポスター 渡邉理佐,4,2999,https://item.mercari.com/jp/m60584404560/,0
欅坂 長濱ねる ポスター,5,2999,https://item.mercari.com/jp/m90560853806/,1
欅坂 「ガラスを割れポスター」菅井友香,3,2999,https://item.mercari.com/jp/m86271367135/,1
欅坂 長濱ねるポスター,1,2999,https://item.mercari.com/jp/m49901733998/,1
長濱ねる タオル,2,2999,https://item.mercari.com/jp/m36719698763/,1
渡邉美穂 欅坂  ガラスを割れ ポスター,1,2900,https://item.mercari.com/jp/m16473191986/,0
欅坂 長濱ねる ポスター ガラスを割れ,1,2900,https://item.mercari.com/jp/m73675091976/,1
渡辺梨加 欅坂 ガラスを割れ ポスター 会場限定,1,2888,https://item.mercari.com/jp/m62368866890/,1
欅坂 渡辺梨加 ポスター,7,2888,https://item.mercari.com/jp/m39874660399/,1
欅坂 渡辺梨加 ポスター,1,2888,https://item.mercari.com/jp/m60636974791/,1
欅坂 ポスター 影山優佳 佐々木久美 佐々木美玲 ガラスを割れ,2,2888,https://item.mercari.com/jp/m19813435087/,1
欅坂 志田愛佳 ポスター ガラスを割れ,2,2888,https://item.mercari.com/jp/m77205884567/,1
けやき 渡邊美穂 ポスター,2,2888,https://item.mercari.com/jp/m75744427250/,0
欅坂 志田愛佳 ポスター,5,2888,https://item.mercari.com/jp/m27108387204/,1
欅坂 ガラスを割れ 菅井友香ポスター,4,2888,https://item.mercari.com/jp/m31575549652/,1
菅井友香ガラスを割れスペシャルポスター,2,2863,https://item.mercari.com/jp/m76778361274/,1
欅坂 ポスター,1,2800,https://item.mercari.com/jp/m62493409026/,1
欅坂 けやき坂 ガラスを割れ ポスター,2,2800,https://item.mercari.com/jp/m93799546567/,0
渡邉理佐 ポスター,11,2800,https://item.mercari.com/jp/m95483968875/,1
たけぴ様専用,0,2800,https://item.mercari.com/jp/m73656586785/,1
欅坂 長濱ねる ポスター,0,2800,https://item.mercari.com/jp/m31600829532/,1
欅坂 菅井友香 ガラスを割れ ポスター,5,2800,https://item.mercari.com/jp/m21856206195/,1
欅坂 長濱ねる ガラスを割れ ポスター,1,2800,https://item.mercari.com/jp/m64057785834/,1
欅坂 平手友梨奈 ポスター,0,2799,https://item.mercari.com/jp/m92537227376/,1
けやき坂 宮田愛萌 ポスター,5,2790,https://item.mercari.com/jp/m83798354410/,0
渡辺梨加 ポスター,0,2777,https://item.mercari.com/jp/m68398813234/,1
欅坂 菅井友香ポスター,1,2777,https://item.mercari.com/jp/m98832694507/,1
欅坂 ガラスを割れ 今泉佑唯ポスター,3,2777,https://item.mercari.com/jp/m62799038482/,1
渡邊梨加 ガラスを割れポスター,7,2777,https://item.mercari.com/jp/m50222108140/,0
みい様専用 シンクロニシティ 会場限定ポスター 佐藤楓,2,2777,https://item.mercari.com/jp/m75829131372/,1
欅坂 ポスター 齊藤京子,1,2777,https://item.mercari.com/jp/m39366506958/,0
欅坂 ポスター 志田愛佳 ガラスを割れ,1,2777,https://item.mercari.com/jp/m62339318521/,1
欅坂 志田愛佳 ポスター,8,2700,https://item.mercari.com/jp/m47614251821/,0
けやき坂 影山優佳 ポスター,7,2700,https://item.mercari.com/jp/m28567417111/,0
欅坂 菅井友香 ポスター,3,2700,https://item.mercari.com/jp/m75772210030/,1
宮田愛萌 タオル,1,2699,https://item.mercari.com/jp/m48191466912/,1
けやき坂欅坂 柿崎芽実 ガラスを割れポスター,0,2666,https://item.mercari.com/jp/m62610535032/,0
欅坂 ガラスを割れ 渡辺梨加 ポスター,2,2650,https://item.mercari.com/jp/m34146240475/,1
けやき坂 ポスター 枚セット,3,2611,https://item.mercari.com/jp/m82569792326/,1
欅坂 ガラスを割れ 今泉佑唯 ポスター,0,2600,https://item.mercari.com/jp/m60781484467/,1
タイチさん専用 欅坂 ガラスを割れポスター 渡辺梨加,1,2600,https://item.mercari.com/jp/m86299582240/,1
欅坂 渡辺梨加 ガラスを割れ 未使用ポスター 全国握手会会場限定,3,2600,https://item.mercari.com/jp/m25243720932/,1
欅坂　渡辺梨加　ポスター,2,2599,https://item.mercari.com/jp/m59443730062/,1
志田愛佳ガラスを割れスペシャルポスター,2,2596,https://item.mercari.com/jp/m61111751763/,1
欅坂 渡辺梨加 ガラスを割れ ポスター,9,2555,https://item.mercari.com/jp/m22119745085/,1
欅坂ポスター　まとめ売り,1,2555,https://item.mercari.com/jp/m74602234104/,0
欅坂 けやき坂 ガラスを割れ ポスター 枚セット バラ可,5,2555,https://item.mercari.com/jp/m11668311407/,0
けやき坂欅坂 齊藤京子 ポスター,6,2555,https://item.mercari.com/jp/m97754308135/,0
けやき坂 加藤史帆 ガラスを割れ ポスター,1,2555,https://item.mercari.com/jp/m15870929297/,1
欅坂 高本彩花 ポスター,0,2555,https://item.mercari.com/jp/m36922322653/,0
欅坂 ガラスを割れ ポスター 小坂菜緒,5,2555,https://item.mercari.com/jp/m90349008853/,0
欅坂 渡辺梨加 ポスター,1,2555,https://item.mercari.com/jp/m65575292388/,1
欅坂 ポスター,5,2555,https://item.mercari.com/jp/m92953487466/,1
欅坂 菅井友香 ポスター 最終値下げ,10,2555,https://item.mercari.com/jp/m10989663311/,1
欅坂 菅井友香 ポスター,4,2555,https://item.mercari.com/jp/m61165770863/,1
あくび様 専用,3,2555,https://item.mercari.com/jp/m25759564626/,1
欅坂 けやき坂 小坂奈緒 ポスター,2,2555,https://item.mercari.com/jp/m88751558890/,1
昼寝ねむ コメント必須様専用,3,2555,https://item.mercari.com/jp/m44628546618/,1
欅坂 菅井友香 ガラスを割れポスター,2,2555,https://item.mercari.com/jp/m55222630825/,1
渡邉理佐 ポスター,5,2500,https://item.mercari.com/jp/m17350624146/,0
ポスター,6,2500,https://item.mercari.com/jp/m81275387100/,0
虎ッキー様専用,2,2500,https://item.mercari.com/jp/m48347064913/,1
欅坂 尾関梨香 井口眞緒 ガラスを割れ ポスター,2,2500,https://item.mercari.com/jp/m52429348367/,1
欅坂東村芽衣ポスター,5,2500,https://item.mercari.com/jp/m70507927914/,1
欅坂、シングルガラスを割れポスターセットバラ売り可,10,2500,https://item.mercari.com/jp/m30784076428/,0
欅坂 菅井友香 ガラスを割れ ポスター,4,2500,https://item.mercari.com/jp/m45335794949/,1
ガラスを割れ ポスター 欅坂 べみほ 渡邉美穂,5,2500,https://item.mercari.com/jp/m90202757698/,0
欅坂 渡辺梨加 ガラスを割れポスター,3,2500,https://item.mercari.com/jp/m20404481131/,1
欅坂 渡辺梨加 ポスター,2,2500,https://item.mercari.com/jp/m32614600091/,1
欅坂 ポスター 渡辺梨加,5,2500,https://item.mercari.com/jp/m74665405940/,1
欅坂 志田愛佳 ガラスを割れ ポスター,8,2500,https://item.mercari.com/jp/m10591812363/,1
欅坂 菅井友香 ポスター ガラスを割れ,3,2500,https://item.mercari.com/jp/m27140047632/,1
けやき坂 潮紗理菜 ポスター,1,2499,https://item.mercari.com/jp/m43812418123/,0
お値下げ即決可 ガラスを割れ 小林由依ポスター,3,2444,https://item.mercari.com/jp/m21853291462/,1
欅坂 ポスター 志田愛佳,5,2444,https://item.mercari.com/jp/m98045780168/,1
さま専用 欅坂 志田愛佳 ポスター,6,2400,https://item.mercari.com/jp/m89805217347/,1
ちま様専用,2,2355,https://item.mercari.com/jp/m58733747138/,1
欅坂 尾関梨香 ポスター,3,2350,https://item.mercari.com/jp/m85332097799/,1
ポスター 柿崎芽実 濱岸ひより,5,2333,https://item.mercari.com/jp/m40952640868/,1
欅坂 小坂菜緒 ポスター,8,2333,https://item.mercari.com/jp/m69636211035/,1
けやき坂 小坂菜緒 ガラスを割れ ポスター,1,2333,https://item.mercari.com/jp/m92796267248/,1
欅坂 小坂菜緒 ポスター,3,2333,https://item.mercari.com/jp/m21241328768/,1
るい様 専用,2,2333,https://item.mercari.com/jp/m66730910627/,1
欅坂 小坂菜緒 ポスター,3,2300,https://item.mercari.com/jp/m68930370789/,1
欅坂 渡辺梨加 ガラスを割れ ポスター,12,2300,https://item.mercari.com/jp/m14398693427/,1
茂木郁也様専用 欅坂 ガラスを割れ ポスター 渡辺梨加,7,2300,https://item.mercari.com/jp/m64361328971/,1
欅坂 上村莉奈 ポスター ガラスを割れ,3,2300,https://item.mercari.com/jp/m22158185271/,1
欅坂 菅井友香 ポスター,1,2299,https://item.mercari.com/jp/m36158938536/,1
菅井友香 ポスター,7,2222,https://item.mercari.com/jp/m50427717395/,0
加藤史帆 欅坂 けやき坂 ガラスを割れ ポスター,5,2222,https://item.mercari.com/jp/m74662221601/,0
けやき坂 小坂菜緒 「ガラスを割れ」ポスター,4,2222,https://item.mercari.com/jp/m62827594495/,1
欅坂 ポスター 高瀬愛奈 富田鈴花 濱岸ひより ガラスを割れ,1,2222,https://item.mercari.com/jp/m28850505842/,0
欅坂 ポスター,3,2222,https://item.mercari.com/jp/m50414172530/,0
欅坂 小池美波 ポスター,1,2222,https://item.mercari.com/jp/m41995309858/,1
けやき坂 東村芽依 ポスター,3,2222,https://item.mercari.com/jp/m46599522032/,1
志田愛佳 ポスター,3,2222,https://item.mercari.com/jp/m85945970081/,1
欅坂ポスター 小坂奈緒,2,2222,https://item.mercari.com/jp/m33527915059/,1
欅坂 ガラスを割れ 志田愛佳 ポスター,1,2222,https://item.mercari.com/jp/m81037257998/,1
欅坂 ガラスを割れポスター 上村莉菜,19,2222,https://item.mercari.com/jp/m86434827798/,0
けやき坂 ガラスを割れポスター 加藤史帆,2,2222,https://item.mercari.com/jp/m46912178503/,0
けやき坂欅坂 富田鈴花 ポスター,0,2222,https://item.mercari.com/jp/m12914871395/,0
けやき坂欅坂 河田陽菜 ポスター,2,2222,https://item.mercari.com/jp/m32424266367/,0
欅坂,7,2222,https://item.mercari.com/jp/m76142944178/,1
富田鈴花 丹生明里 ポスターセット,8,2222,https://item.mercari.com/jp/m79750536037/,0
欅坂ポスター,0,2222,https://item.mercari.com/jp/m55274968067/,0
欅坂 けやき坂 渡邉美穂 ポスター,4,2222,https://item.mercari.com/jp/m16124210281/,0
欅坂 けやき坂 小坂奈緒 ポスター,19,2200,https://item.mercari.com/jp/m10812261827/,0
志田愛佳 サイズ ポスター,3,2200,https://item.mercari.com/jp/m17292612071/,1
欅坂 鈴本美愉 ガラスを割れ ポスター,1,2200,https://item.mercari.com/jp/m31174710654/,1
ポスター 欅坂 けやき坂 小坂菜緒 ガラスを割れ,0,2200,https://item.mercari.com/jp/m16245210443/,1
ポスター守屋茜,5,2111,https://item.mercari.com/jp/m77704935906/,0
欅坂 けやき坂 ガラスを割れポスター 小坂菜緒,5,2111,https://item.mercari.com/jp/m52305637042/,1
ガラスを割れ 守屋茜 ポスター,1,2111,https://item.mercari.com/jp/m32224325029/,0
佐藤詩織風に吹かれてもガラスを割れスペシャルポスターセット,0,2111,https://item.mercari.com/jp/m55996316471/,0
けやき坂 加藤史帆 ポスター,2,2111,https://item.mercari.com/jp/m32125706439/,0
欅坂 上村莉菜 ガラスを割れポスター,6,2111,https://item.mercari.com/jp/m93135619517/,1
欅坂 けやき坂 東村芽依 ポスター ガラスを割れ,1,2111,https://item.mercari.com/jp/m51575948301/,1
けやき坂 小坂菜緒 ガラスを割れ ポスター,1,2111,https://item.mercari.com/jp/m52003987997/,1
欅坂 長沢菜々子 ポスター ガラスを割れ,11,2100,https://item.mercari.com/jp/m41767901027/,0
欅坂 志田愛佳 ポスター  ガラスを割れ,2,2100,https://item.mercari.com/jp/m23113212867/,1
欅坂 土生瑞穂 ポスター,2,2099,https://item.mercari.com/jp/m73754797801/,0
小坂菜緒ポスター,3,2000,https://item.mercari.com/jp/m49229406208/,1
欅坂 ポスター 志田愛佳,16,2000,https://item.mercari.com/jp/m28180848010/,1
欅坂 ガラスを割れポスター 渡辺梨加,8,2000,https://item.mercari.com/jp/m54012591975/,1
欅坂石森虹花ポスター,1,2000,https://item.mercari.com/jp/m76429780192/,0
欅坂松田好花ポスター,2,2000,https://item.mercari.com/jp/m39456531082/,0
欅坂 「ガラスを割れ」会場限定ポスター,4,2000,https://item.mercari.com/jp/m43563010640/,1
けやき坂 齊藤京子 「ガラスを割れ」ポスター,3,2000,https://item.mercari.com/jp/m59532511962/,0
けやき坂 小坂菜緒 ポスター,8,2000,https://item.mercari.com/jp/m52111412684/,1
欅坂 ガラスを割れ ポスター佐々木美玲 米谷奈々未セット,1,2000,https://item.mercari.com/jp/m32758014084/,0
欅坂 ガラスを割れ 長沢菜々香ポスター,2,2000,https://item.mercari.com/jp/m87716733442/,1
小池美波 欅坂 ガラスを割れ ポスター 会場限定,0,2000,https://item.mercari.com/jp/m67816672145/,1
けやき坂 丹生明里 ポスター,2,2000,https://item.mercari.com/jp/m58757266381/,1
欅坂 ガラス 渡辺梨加 ポスター,0,2000,https://item.mercari.com/jp/m34715409650/,1
守屋茜 欅坂 ガラスを割れ ポスター 会場限定,1,1999,https://item.mercari.com/jp/m44400645221/,0
河田陽菜 欅坂 けやき坂 ガラスを割れ ポスター,3,1999,https://item.mercari.com/jp/m40617518687/,0
金村美玖 欅坂 けやき坂 ガラスを割れ ポスター,4,1999,https://item.mercari.com/jp/m77040292803/,0
けやき坂 影山 優佳 ガラスを割れ 会場 ポスター ,3,1999,https://item.mercari.com/jp/m92334613301/,0
けやき坂 小坂奈緒 ポスター,2,1999,https://item.mercari.com/jp/m43120453095/,1
欅坂 シングル ガラスを割れ 長沢菜々香ポスター,0,1999,https://item.mercari.com/jp/m56379448446/,0
欅坂 上村莉菜 ポスター,3,1999,https://item.mercari.com/jp/m52263034104/,1
欅坂 ポスター ガラスを割れ 長沢菜々香,2,1999,https://item.mercari.com/jp/m75721922398/,0
欅坂 鈴本美愉 ガラスを割れ ポスター,2,1999,https://item.mercari.com/jp/m49404787256/,1
欅坂 ガラスを割れ ポスター 志田愛佳,1,1999,https://item.mercari.com/jp/m30873626264/,1
欅坂 ガラスを割れ ポスター 長沢菜々香,7,1999,https://item.mercari.com/jp/m10962533191/,0
欅坂 ガラスを割れ ポスター 守屋茜,2,1999,https://item.mercari.com/jp/m37390699778/,0
上村莉菜ポスター,2,1999,https://item.mercari.com/jp/m79219767714/,1
欅坂 小坂菜緒 ガラスを割れ ポスター けやき,0,1999,https://item.mercari.com/jp/m15349311893/,1
ガラスを割れ 長沢菜々香 ポスター,0,1950,https://item.mercari.com/jp/m90628936502/,0
鈴本美愉ガラスを割れスペシャルポスター,3,1942,https://item.mercari.com/jp/m57948699175/,1
ポスター 欅坂 渡邉美穂 ガラスを割れ,7,1900,https://item.mercari.com/jp/m36251062121/,0
欅坂 鈴本美愉 ポスター,4,1900,https://item.mercari.com/jp/m28475911798/,1
上村莉奈ポスターサイズ,3,1900,https://item.mercari.com/jp/m55649467953/,1
欅坂 会場限定 ポスター 枚セット,1,1899,https://item.mercari.com/jp/m40483672196/,0
けやき坂 佐々木美玲 ポスター,5,1899,https://item.mercari.com/jp/m97015909855/,0
加藤史帆 欅坂 ガラスを割れ ポスター,6,1888,https://item.mercari.com/jp/m14189760054/,0
小坂菜緒 欅坂 ガラスを割れポスター,6,1888,https://item.mercari.com/jp/m92543896225/,1
欅坂 ポスター 加藤史帆,5,1888,https://item.mercari.com/jp/m97598927860/,0
けやき坂 加藤史帆 ポスター,1,1888,https://item.mercari.com/jp/m14555449994/,1
河田陽菜 欅坂 ガラスを割れ ポスター,9,1888,https://item.mercari.com/jp/m47797802388/,0
欅坂 志田愛佳 ガラスを割れ ポスター,7,1888,https://item.mercari.com/jp/m34573992586/,1
欅坂 渡辺美穂 ポスター,6,1888,https://item.mercari.com/jp/m58085907033/,0
欅坂 斎藤京子 ポスター,8,1888,https://item.mercari.com/jp/m39704735524/,0
乃木坂 生駒里奈 ポスター,11,1888,https://item.mercari.com/jp/m92956508313/,0
ポスター 欅坂 ガラスを割れ,3,1888,https://item.mercari.com/jp/m30151181895/,0
欅坂 鈴本美愉 ガラスを割れ ポスター,3,1888,https://item.mercari.com/jp/m41361967865/,1
欅坂ガラスを割れ 小坂菜緒ポスター,14,1888,https://item.mercari.com/jp/m76663624621/,1
小坂菜緒　 ポスター   ガラスを割れ 会場限定 全国握手会,2,1888,https://item.mercari.com/jp/m25148078784/,1
欅坂　小池美波　ポスター,1,1888,https://item.mercari.com/jp/m99694925937/,1
欅坂 鈴本美愉 ポスター最終値下げ,3,1888,https://item.mercari.com/jp/m41906777748/,1
欅坂 小池美波 ポスター,1,1888,https://item.mercari.com/jp/m72029176244/,1
欅坂 けやき坂 齊藤京子 ポスター,1,1888,https://item.mercari.com/jp/m95781870535/,1
欅坂 ガラスを割れ 土生瑞穂 ポスター,6,1888,https://item.mercari.com/jp/m74760941613/,0
欅坂けやき坂ガラスを割れ全国握手会限定ポスター渡邉美穂,1,1888,https://item.mercari.com/jp/m49273268626/,0
欅坂　ポスター,3,1888,https://item.mercari.com/jp/m37709487079/,1
欅坂 上村莉菜 ポスター,0,1888,https://item.mercari.com/jp/m26594171030/,1
欅坂 守屋茜 ポスター,2,1800,https://item.mercari.com/jp/m50473018729/,0
けやき坂 齊藤京子 ポスター,4,1800,https://item.mercari.com/jp/m32855550806/,0
秋葉原ショップ入手 欅坂 富田鈴花「ガラスを割れ」ポスタ―,0,1800,https://item.mercari.com/jp/m82540694384/,0
ポスター上村莉菜,1,1800,https://item.mercari.com/jp/m57331681728/,1
欅坂 守屋茜 ポスター,4,1800,https://item.mercari.com/jp/m61242894108/,0
欅坂 小坂菜緒 ポスター  ガラスを割れ,2,1800,https://item.mercari.com/jp/m43060328974/,1
欅坂 けやき坂 東村芽依 ポスター,4,1800,https://item.mercari.com/jp/m39665636065/,1
欅坂 センター 佐々木美玲 ポスター ガラスを割れ,2,1800,https://item.mercari.com/jp/m60104058791/,0
欅坂 小池美波 ポスター,1,1800,https://item.mercari.com/jp/m20670304654/,1
欅坂 上村莉菜 ポスター,2,1800,https://item.mercari.com/jp/m12863055696/,1
けやき坂 東村芽依 ポスター,2,1800,https://item.mercari.com/jp/m43333492593/,1
けやき坂 齊藤京子 ポスター,0,1800,https://item.mercari.com/jp/m70613480503/,1
欅坂 鈴本美愉 ポスター,1,1800,https://item.mercari.com/jp/m18660077148/,1
欅坂 守屋茜 ポスター,0,1800,https://item.mercari.com/jp/m47359819604/,1
値下げ中欅坂 ポスター,3,1800,https://item.mercari.com/jp/m80112490184/,1
もんちゃん様専用,0,1800,https://item.mercari.com/jp/m27483338826/,1
わたっち 様専用,0,1800,https://item.mercari.com/jp/m96284121335/,1
小坂菜緒 欅坂 「ガラスを割れ 」全国握手会限定ポスター,1,1800,https://item.mercari.com/jp/m15963077913/,1
齊藤京子 ポスター ガラスを割れ,5,1800,https://item.mercari.com/jp/m46729689622/,1
新品ガラスを割れポスター 鈴本美愉,1,1800,https://item.mercari.com/jp/m20502292465/,1
欅坂 加藤史帆 ポスター,4,1799,https://item.mercari.com/jp/m41407618149/,0
欅坂 ポスター 枚セット,7,1777,https://item.mercari.com/jp/m29504393661/,1
欅坂 ガラスを割れ ポスター 小坂菜緒,1,1777,https://item.mercari.com/jp/m39783194601/,1
欅坂 東村芽依 ポスター,9,1777,https://item.mercari.com/jp/m84047038584/,1
欅坂 原田葵 ポスター,0,1777,https://item.mercari.com/jp/m46628692909/,0
欅坂 鈴本美愉 ポスター,3,1777,https://item.mercari.com/jp/m84858740847/,1
ヤマト様専用 シンクロニシティ 会場限定ポスター 岩本蓮加,3,1777,https://item.mercari.com/jp/m89296227712/,1
欅坂 松田好花 ガラスを割れ ポスター,2,1777,https://item.mercari.com/jp/m73723057707/,0
欅坂けやき坂ガラスを割れ全国握手会限定ポスター柿崎芽実,1,1777,https://item.mercari.com/jp/m88846342898/,0
欅坂 けやき坂 河田陽菜 ポスター ガラスを割れ,6,1777,https://item.mercari.com/jp/m34587819047/,0
渡邉美穂ガラスを割れスペシャルポスター,1,1759,https://item.mercari.com/jp/m97200173815/,1
ポスター長沢菜々香,5,1700,https://item.mercari.com/jp/m20169197559/,0
 さん専用 鈴本美愉,7,1700,https://item.mercari.com/jp/m47286653631/,1
東村芽依　ポスター,1,1700,https://item.mercari.com/jp/m18353368722/,1
様専用,0,1700,https://item.mercari.com/jp/m97065526890/,1
欅坂 土生瑞穂 ポスター ガラスを割れ,3,1700,https://item.mercari.com/jp/m36518664154/,0
りょうすけ様専用,0,1700,https://item.mercari.com/jp/m41649218186/,1
欅坂 土生瑞穂 ガラスを割れ 未使用ポスター 全国握手会会場限定,4,1700,https://item.mercari.com/jp/m75478496256/,1
欅坂 原田葵 ガラスを割れ 未使用ポスター 全国握手会会場限定,2,1700,https://item.mercari.com/jp/m77537648537/,1
欅坂 長沢菜々香 ガラスを割れ 未使用ポスター 全国握手会会場限定,4,1700,https://item.mercari.com/jp/m17337868971/,1
欅坂 尾関梨香 ポスター,7,1680,https://item.mercari.com/jp/m34529210931/,0
上村莉菜 ガラスを割れ ポスター,1,1666,https://item.mercari.com/jp/m72427434179/,0
欅坂 鈴本美愉 ガラスを割れ 会場限定ポスター,10,1666,https://item.mercari.com/jp/m68275585427/,0
欅坂 鈴本美愉,11,1666,https://item.mercari.com/jp/m29785935720/,0
乃木坂欅坂 まとめ売り,0,1666,https://item.mercari.com/jp/m13478494419/,1
富田鈴花 欅坂 ガラスを割れ ポスター,0,1666,https://item.mercari.com/jp/m33164233522/,0
丹生明里 欅坂 ガラスを割れ ポスター,9,1666,https://item.mercari.com/jp/m11152755646/,0
宮田愛萌 欅坂 ガラスを割れ ポスター,2,1666,https://item.mercari.com/jp/m96596899658/,1
欅坂非売品 ポスター アルバム ガラスを割れ 握手券 生写真 ,9,1666,https://item.mercari.com/jp/m67229445937/,1
欅坂 ガラスを割れ 守屋茜 ポスター,9,1666,https://item.mercari.com/jp/m28731795790/,1
けやき坂 影山優佳 ガラスを割れ ポスター,1,1666,https://item.mercari.com/jp/m45740393684/,1
様専用,1,1666,https://item.mercari.com/jp/m80362882639/,1
けやき坂 ポスター 小坂菜緒,3,1666,https://item.mercari.com/jp/m13389609091/,1
上村莉奈 ポスター ガラスを割れ,1,1666,https://item.mercari.com/jp/m92933655009/,1
けやき坂 東村芽依 ポスター,1,1666,https://item.mercari.com/jp/m24857139957/,1
欅坂 「ガラスを割れ」ポスター,2,1666,https://item.mercari.com/jp/m80114094550/,1
欅坂 柿崎芽実 ポスター ガラスを割れ,4,1666,https://item.mercari.com/jp/m19684540792/,1
欅坂 ポスター ガラスを割れ 尾関梨香,5,1666,https://item.mercari.com/jp/m14516030529/,1
けやき坂 小坂菜緒 ガラスを割れ ポスター,0,1666,https://item.mercari.com/jp/m37496813890/,1
欅坂 ガラスを割れ 小池美波 ポスター,3,1666,https://item.mercari.com/jp/m77885178085/,1
欅坂 小池美波 ガラスを割れポスター,1,1666,https://item.mercari.com/jp/m19469955288/,1
けやき坂 渡邉美穂 ポスター,2,1666,https://item.mercari.com/jp/m10767713962/,1
欅坂 ガラスを割れ ポスター 加藤史帆,5,1666,https://item.mercari.com/jp/m27810205249/,0
欅坂 ガラスを割れ ポスター 鈴本,3,1666,https://item.mercari.com/jp/m25234565968/,1
守屋茜 欅坂 ガラスを割れ 会場限定ポスター 全国握手会,4,1666,https://item.mercari.com/jp/m78209177957/,0
欅坂 長沢菜々香 ポスター,1,1666,https://item.mercari.com/jp/m28220359281/,1
欅坂 加藤史帆 ポスター,5,1666,https://item.mercari.com/jp/m80153910218/,1
欅坂 渡邉美穂 ポスター,6,1666,https://item.mercari.com/jp/m57381869260/,0
欅坂 加藤史帆 ガラスを割れ ポスター けやき,0,1666,https://item.mercari.com/jp/m56837969657/,1
欅坂 土生瑞穂 ポスター,1,1600,https://item.mercari.com/jp/m48868969013/,0
欅坂 鈴本美愉  ガラスを割れ ポスター,0,1599,https://item.mercari.com/jp/m10597688586/,1
欅坂 丹生明里 ガラスを割れ ポスター,2,1598,https://item.mercari.com/jp/m84444485947/,1
欅坂 上村莉菜 ポスター,3,1588,https://item.mercari.com/jp/m38274206211/,1
ポスター ひらがなけやき ガラスを割れ 欅坂,2,1555,https://item.mercari.com/jp/m99465457066/,0
欅坂 潮紗理菜 ポスター ガラスを割れ,1,1555,https://item.mercari.com/jp/m46506001389/,0
ポスター原田葵,1,1555,https://item.mercari.com/jp/m29562375221/,0
けやき坂 丹生明里,7,1555,https://item.mercari.com/jp/m46322653896/,0
ポスター 欅坂 河田陽菜,2,1555,https://item.mercari.com/jp/m34922880721/,1
欅坂 鈴本美愉 ポスター,3,1555,https://item.mercari.com/jp/m79456321122/,1
けやき坂 河田陽菜 ガラスを割れ ポスター,3,1555,https://item.mercari.com/jp/m22084304024/,1
けやき坂 渡邉美穂ポスター,7,1555,https://item.mercari.com/jp/m17085521532/,1
けやき坂 渡邉美穂 ガラスを割れ ポスター,4,1555,https://item.mercari.com/jp/m60103572812/,1
けやき坂 加藤史帆 ガラスを割れ ポスター,1,1555,https://item.mercari.com/jp/m14317896657/,1
けやき坂 齊藤京子 ガラスを割れ ポスター,1,1555,https://item.mercari.com/jp/m19642134884/,1
欅坂 守屋茜 ガラスを割れ ポスター,1,1555,https://item.mercari.com/jp/m37670684825/,1
欅坂 上村莉菜 ガラスを割れ ポスター,1,1555,https://item.mercari.com/jp/m93041406788/,1
さん専用,1,1555,https://item.mercari.com/jp/m53353485483/,1
欅坂　ガラスを割れ　会場限定ポスター,3,1555,https://item.mercari.com/jp/m96534864544/,0
シンクロニシティ 会場限定ポスター 中村麗乃,3,1555,https://item.mercari.com/jp/m48016389572/,1
欅坂けやき坂 齊藤京子 ガラスを割れ ポスター,4,1555,https://item.mercari.com/jp/m95144820868/,0
シンクロニシティ 会場限定ポスター 相楽伊織,2,1555,https://item.mercari.com/jp/m84956239069/,1
欅坂 ポスター ガラスを割れ 富田鈴花,2,1555,https://item.mercari.com/jp/m87497886301/,0
齊藤京子 ポスター けやき坂,1,1555,https://item.mercari.com/jp/m98512311463/,1
長沢菜々香 ポスター ガラスを割れ,4,1555,https://item.mercari.com/jp/m31662973938/,1
まりゅ プロフ必読様 専用ページ,0,1555,https://item.mercari.com/jp/m64165664288/,1
欅坂全国握手券 おまけ付き,1,1555,https://item.mercari.com/jp/m27158613108/,1
渡邉美穂 ポスター けやき坂,1,1555,https://item.mercari.com/jp/m58433321970/,1
ガラスを割れ ポスター枚セット,2,1555,https://item.mercari.com/jp/m82683181102/,0
欅坂けやき坂ガラスを割れ全国握手会限定ポスター影山優佳,3,1555,https://item.mercari.com/jp/m35064590653/,1
欅坂 ガラスを割れ ポスター 濱岸ひより,0,1555,https://item.mercari.com/jp/m42830831093/,0
欅坂 ポスター,1,1555,https://item.mercari.com/jp/m30429741172/,1
欅坂 ガラス 小坂菜緒 ポスター,2,1555,https://item.mercari.com/jp/m58212210229/,1
欅坂 ガラスを割れ 柿崎芽実 ポスター,2,1555,https://item.mercari.com/jp/m73588160682/,1
加藤史帆 ポスター,2,1550,https://item.mercari.com/jp/m85212031496/,1
河田陽菜ガラスを割れスペシャルポスター,3,1539,https://item.mercari.com/jp/m43509771570/,0
小池美波　ポスター　生写真　ジョイソケッツ　欅坂,1,1500,https://item.mercari.com/jp/m82122192363/,0
ポスター けやき坂 金村美玖,1,1500,https://item.mercari.com/jp/m63054353048/,1
欅坂ガラスを割れポスター,1,1500,https://item.mercari.com/jp/m50643712095/,0
齋藤冬優花 佐々木久美 ガラスを割れ 風に吹かれてもポスター,1,1500,https://item.mercari.com/jp/m83322015016/,0
欅坂 けやき坂 土生瑞穂 ガラスを割れ ポスター,3,1500,https://item.mercari.com/jp/m98004946667/,0
けやき坂 潮紗理菜 ポスター,0,1500,https://item.mercari.com/jp/m77617016576/,0
欅坂 丹生明里 ポスター,5,1500,https://item.mercari.com/jp/m84424369210/,0
欅坂 松田好花 ポスター,1,1500,https://item.mercari.com/jp/m90931350876/,0
けやき坂 丹生明里 ガラスを割れ ポスター,2,1500,https://item.mercari.com/jp/m32879708278/,0
けやき坂 齊藤京子 ガラスを割れ ポスター,6,1500,https://item.mercari.com/jp/m21053115811/,0
欅坂 齊藤京子 ポスター,2,1500,https://item.mercari.com/jp/m91102923418/,0
欅坂 柿崎芽実 ポスター,1,1500,https://item.mercari.com/jp/m50621780353/,1
欅坂 小坂菜緒 ガラスを割れ ポスター,4,1500,https://item.mercari.com/jp/m89752244189/,1
欅坂 濱岸ひより ガラスを割れ ポスター,9,1500,https://item.mercari.com/jp/m62332991564/,0
影山優佳 ポスター,1,1500,https://item.mercari.com/jp/m39873070761/,1
けやき坂 加藤史帆 ポスター,4,1500,https://item.mercari.com/jp/m18558890709/,1
けやき坂 渡邉美穂 ポスター,3,1500,https://item.mercari.com/jp/m62241733491/,1
けやき坂 影山優佳 ポスター,0,1500,https://item.mercari.com/jp/m17562110696/,1
欅坂 守屋茜 ガラスを割れ ポスター,6,1500,https://item.mercari.com/jp/m99347354112/,0
値下げ中欅坂 ポスター,1,1500,https://item.mercari.com/jp/m68139053871/,1
新品欅坂 全国握手会 ポスター 渡邉美穂,2,1500,https://item.mercari.com/jp/m60803612104/,1
小池美波 ポスター ガラスを割れ,7,1500,https://item.mercari.com/jp/m99336767948/,1
欅坂 齋藤冬優花 ガラスを割れ ポスター 全国握手会限定,2,1499,https://item.mercari.com/jp/m57615359403/,1
欅坂 尾関梨香 ガラスを割れポスター,4,1499,https://item.mercari.com/jp/m45065095282/,1
欅坂 米谷奈々未 シングル ガラスを割れ 告知ポスター 限定 非売品,1,1480,https://item.mercari.com/jp/m65112529242/,0
けやき坂 富田鈴花 ポスター,2,1444,https://item.mercari.com/jp/m83458737264/,0
欅坂 長沢菜々香 ポスター,1,1444,https://item.mercari.com/jp/m57791187857/,1
欅坂 けやき坂 渡邉美穂 ガラスを割れ ポスター,4,1444,https://item.mercari.com/jp/m16256934603/,1
けやき坂 金村美玖 ポスター,2,1444,https://item.mercari.com/jp/m11778022569/,1
齊藤京子ポスターサイズ,2,1444,https://item.mercari.com/jp/m28728074908/,1
欅坂 ポスター 影山優佳 「あおい影様専用」,3,1444,https://item.mercari.com/jp/m45771228567/,1
欅坂 けやき坂 齊藤京子 ガラスを割れ ポスター,0,1444,https://item.mercari.com/jp/m29453556631/,1
欅坂 尾関梨香 ポスター,13,1444,https://item.mercari.com/jp/m17028771407/,1
欅坂けやき坂ガラスを割れ全国握手会限定ポスター富田鈴花,1,1444,https://item.mercari.com/jp/m97757586997/,0
欅坂けやき坂ガラスを割れ全国握手会限定ポスター土生瑞穂,1,1444,https://item.mercari.com/jp/m37100906457/,1
欅坂 影山優佳 ポスター,6,1444,https://item.mercari.com/jp/m82716468026/,1
守屋茜ポスターサイズ,3,1444,https://item.mercari.com/jp/m51543236297/,1
柿崎芽実ガラスを割れスペシャルポスター,1,1431,https://item.mercari.com/jp/m65451783353/,1
カイさま 専用,7,1400,https://item.mercari.com/jp/m59427860896/,1
欅坂 長沢菜々香 ポスター,8,1400,https://item.mercari.com/jp/m73266117167/,1
けやき坂 高瀬愛奈 ポスター ガラスを割れ,0,1400,https://item.mercari.com/jp/m97294645179/,0
欅坂 けやき坂 高本彩花高瀬愛奈 未使用ポスター 全国握手会会場限定,1,1400,https://item.mercari.com/jp/m82454088788/,0
欅坂 齊藤京子 ポスター,7,1400,https://item.mercari.com/jp/m84889557522/,0
じょんさん専用,2,1400,https://item.mercari.com/jp/m39487100796/,1
全国握手券 欅坂 ガラスを割れ 通常盤,0,1400,https://item.mercari.com/jp/m65269933646/,1
欅坂 ポスター 河田陽菜,1,1400,https://item.mercari.com/jp/m45724911994/,1
欅坂 ガラスを割れ ポスター 河田陽菜,2,1399,https://item.mercari.com/jp/m41508546150/,1
守屋茜 ガラスを割れ ポスター,0,1399,https://item.mercari.com/jp/m52133296752/,0
欅坂 ガラスを割れ ポスター 斎藤京子,2,1350,https://item.mercari.com/jp/m78737995916/,1
乃木坂 タイプ ポスター,5,1333,https://item.mercari.com/jp/m35112381970/,0
欅坂 ポスター,0,1333,https://item.mercari.com/jp/m81136804307/,0
けやき坂 富田鈴花 ポスター,2,1333,https://item.mercari.com/jp/m18993472013/,1
けやき坂 潮紗理菜 ポスター,1,1333,https://item.mercari.com/jp/m71851258411/,0
影山優佳 サイズ ポスター,2,1333,https://item.mercari.com/jp/m10005940161/,1
上村莉菜ポスター,1,1333,https://item.mercari.com/jp/m36548327860/,1
欅坂 河田陽菜 ポスター,0,1333,https://item.mercari.com/jp/m19970365421/,1
影山優佳　ポスター,5,1333,https://item.mercari.com/jp/m48956161908/,1
けやき坂 丹生明里 ポスター,4,1333,https://item.mercari.com/jp/m24249055160/,0
けやき坂 宮田愛萌 ポスター,7,1333,https://item.mercari.com/jp/m56157950216/,0
けやき坂 渡邉 美穂ポスター,0,1333,https://item.mercari.com/jp/m59672447459/,1
欅坂 「ガラスを割れ」ポスター 「守屋 茜」,6,1333,https://item.mercari.com/jp/m89389669149/,1
欅坂 高本彩花 ポスター,0,1333,https://item.mercari.com/jp/m19272541475/,1
ももりんご様専用欅坂 尾関梨香 ポスター,1,1333,https://item.mercari.com/jp/m77924877050/,1
渡邉理佐セット,2,1333,https://item.mercari.com/jp/m74919954502/,1
齊藤京子 ポスター けやき坂,6,1333,https://item.mercari.com/jp/m99046915550/,1
欅坂 加藤史帆 ガラスを割れ ポスター,1,1333,https://item.mercari.com/jp/m74629527692/,1
尾関梨香 欅坂 ガラスを割れ ポスター 会場限定,6,1333,https://item.mercari.com/jp/m32517629073/,1
欅坂　けやき坂　ガラスを割れ　ポスター　金村美玖,1,1333,https://item.mercari.com/jp/m18680810328/,1
みいちゃん様専用ページ 欅坂 ポスター小池美波,5,1333,https://item.mercari.com/jp/m73104123383/,1
ガラスを割れ 金村美玖 ポスター,2,1333,https://item.mercari.com/jp/m49065948662/,1
欅坂 ポスター 柿崎芽実,2,1333,https://item.mercari.com/jp/m55056494688/,1
土生瑞穂 欅坂 ガラスを割れ 会場限定ポスター 全国握手会,3,1333,https://item.mercari.com/jp/m50119557824/,1
河田陽菜 けやき坂 ガラスを割れ 会場限定ポスター 全国握手会,6,1333,https://item.mercari.com/jp/m15232642343/,1
潮紗理菜 けやき坂 ガラスを割れ 会場限定ポスター 全国握手会,3,1333,https://item.mercari.com/jp/m85043498108/,0
ポスター 欅坂 ガラスを割れ 柿崎芽実,3,1333,https://item.mercari.com/jp/m67209829122/,1
ガラスを割れ 全握ポスター,0,1333,https://item.mercari.com/jp/m73101386500/,1
欅坂 長沢菜々香 ガラスを割れ ポスター,0,1333,https://item.mercari.com/jp/m21603654121/,1
けやき坂 丹生明里 ポスター,5,1300,https://item.mercari.com/jp/m95432471701/,1
けやき坂 宮田愛萌 ポスター,4,1300,https://item.mercari.com/jp/m85006345764/,1
けやき坂 佐々木美玲 ポスター,3,1300,https://item.mercari.com/jp/m12413599479/,1
けやき坂 柿崎芽実 ポスター,0,1300,https://item.mercari.com/jp/m48729942312/,1
けやき坂 河田陽菜 ポスター,0,1300,https://item.mercari.com/jp/m99481380319/,1
欅坂 尾関梨香 ポスター,2,1300,https://item.mercari.com/jp/m28489196722/,1
欅坂 土生瑞穂 ポスター,9,1300,https://item.mercari.com/jp/m17242852676/,0
欅坂 ガラスを割れポスター 潮紗理菜,0,1300,https://item.mercari.com/jp/m90243132937/,0
欅坂 土生瑞穂 ガラスを割れポスター,0,1299,https://item.mercari.com/jp/m55251399549/,1
欅坂 ポスター ガラスを割れ,1,1299,https://item.mercari.com/jp/m90051830252/,1
欅坂 長沢菜々香 ガラスを割れ ポスター,1,1298,https://item.mercari.com/jp/m34480595961/,1
欅坂 けやき坂 高瀬愛奈 シングル ガラスを割れ 告知ポスター非売品,0,1280,https://item.mercari.com/jp/m40683452142/,0
欅坂 齋藤冬優花 シングル ガラスを割れ 告知ポスター 非売品,1,1280,https://item.mercari.com/jp/m92021421699/,0
欅坂 石森虹花 シングル ガラスを割れ 告知ポスター 非売品,1,1280,https://item.mercari.com/jp/m82142106309/,0
けやき坂 ポスター 加藤史帆,6,1271,https://item.mercari.com/jp/m93098834879/,1
［ 冊セット］ブブカ 月号 月号,3,1260,https://item.mercari.com/jp/m85326918990/,1
欅坂 ポスター 守屋茜,3,1244,https://item.mercari.com/jp/m64220465857/,1
けやき坂 富田鈴花 ガラスを割れ ポスター,5,1222,https://item.mercari.com/jp/m64186495262/,0
欅坂 長沢菜々香 ポスター,5,1222,https://item.mercari.com/jp/m27584453381/,1
欅坂 東村芽依ポスター,5,1222,https://item.mercari.com/jp/m29282604465/,1
けやき坂 宮田愛萌 ガラスを割れ ポスター,0,1222,https://item.mercari.com/jp/m83106981793/,1
欅坂 「ガラスを割れ ポスター」 丹生 明里,0,1222,https://item.mercari.com/jp/m92736444013/,1
欅坂 佐々木久美 ポスター ガラスを割れ,0,1222,https://item.mercari.com/jp/m21814803131/,1
欅坂 ポスター ガラスを割れ 宮田愛萌,7,1222,https://item.mercari.com/jp/m98867524635/,1
欅坂 ガラスを割れポスター 枚目セット,0,1222,https://item.mercari.com/jp/m13154238035/,1
欅坂 　影山優佳　ポスター,1,1222,https://item.mercari.com/jp/m55203883038/,1
守屋茜 ポスター,5,1222,https://item.mercari.com/jp/m86903241007/,1
麦ちゃん専用 欅坂 けやき坂 渡邉美穂 ポスター,2,1222,https://item.mercari.com/jp/m84323514932/,1
ポスター 欅坂 けやき坂 柿崎芽実,0,1222,https://item.mercari.com/jp/m86302333702/,1
欅坂 けやき坂 渡邉美穂 ポスター,2,1222,https://item.mercari.com/jp/m66056638841/,1
欅坂 ひらがなけやき ポスター 松田 好花 ガラスを割れ,1,1222,https://item.mercari.com/jp/m52885108247/,0
けやき坂 高本彩花 ポスター,1,1222,https://item.mercari.com/jp/m30872238432/,0
欅坂 ガラスを割れ 河田陽菜,0,1222,https://item.mercari.com/jp/m71312692433/,1
欅坂 高本彩花 ガラスを割れ ポスター けやき,0,1222,https://item.mercari.com/jp/m33961081892/,1
ポスター 欅坂高瀬愛菜,0,1222,https://item.mercari.com/jp/m88726148325/,0
欅坂 長沢菜々香 ポスター,6,1200,https://item.mercari.com/jp/m85855668745/,0
欅坂 ガラスを割れ 守屋茜 ポスター,2,1200,https://item.mercari.com/jp/m92799868815/,0
けやき坂 松田好花 ポスター,2,1200,https://item.mercari.com/jp/m92147770498/,1
欅坂 ガラスを割れ 広告風ポスター,6,1200,https://item.mercari.com/jp/m69247718384/,1
欅坂 石森虹花 ポスター,0,1200,https://item.mercari.com/jp/m60214033433/,0
様専用 欅坂 尾関梨香 ガラスを割れ ポスター,5,1200,https://item.mercari.com/jp/m81004554715/,1
欅坂 けやき坂 宮田愛萌 ポスター,1,1200,https://item.mercari.com/jp/m26143472936/,1
おまる様専用,2,1200,https://item.mercari.com/jp/m73899510797/,1
欅坂　ポスター柿崎芽実,3,1199,https://item.mercari.com/jp/m31687166000/,1
潮紗理菜ガラスを割れスペシャルポスター,0,1163,https://item.mercari.com/jp/m70171420384/,0
欅坂 ガラスを割れ 原田葵 ポスター,1,1150,https://item.mercari.com/jp/m43839003677/,1
欅坂 佐藤詩織 ガラスを割れ ポスター,0,1111,https://item.mercari.com/jp/m44237417000/,0
欅坂 織田奈那,0,1111,https://item.mercari.com/jp/m89195357118/,0
欅坂　ガラスを割れ　会場限定ポスター 土生瑞穂,1,1111,https://item.mercari.com/jp/m73490105532/,1
欅坂 ガラスを割れポスター 丹生 明里,0,1111,https://item.mercari.com/jp/m43008259005/,1
けやき坂 高瀬愛奈 ポスター,0,1111,https://item.mercari.com/jp/m59024167059/,0
 値下げ中 土生瑞穂 ポスター,9,1111,https://item.mercari.com/jp/m78575207942/,1
那刹様専用　長沢菜々香　ポスター,4,1111,https://item.mercari.com/jp/m99193389709/,1
けやき坂 ガラスを割れポスター 枚セット,1,1111,https://item.mercari.com/jp/m95374682742/,0
守屋茜 ポスター ガラスを割れ,4,1111,https://item.mercari.com/jp/m87900907996/,1
松田好花 サイズ ポスター,0,1111,https://item.mercari.com/jp/m20853226083/,1
けやき坂 潮紗理菜 ガラスを割れ ポスター,2,1111,https://item.mercari.com/jp/m73645396080/,0
金村美玖 ポスター,1,1111,https://item.mercari.com/jp/m79597332262/,1
ポスター尾関梨香,1,1111,https://item.mercari.com/jp/m45535422779/,1
欅坂 守屋茜 ガラスを割れ ポスター,0,1111,https://item.mercari.com/jp/m69186198018/,1
欅坂　ガラスを割れ 会場限定 ポスター,1,1111,https://item.mercari.com/jp/m32015295277/,1
ぷにゅ様 専用,0,1111,https://item.mercari.com/jp/m24542568658/,1
欅坂 けやき坂 河田陽菜 ガラスを割れ ポスター,2,1111,https://item.mercari.com/jp/m13955630028/,1
ポスター 欅坂 けやき坂 渡邉美穂,6,1111,https://item.mercari.com/jp/m64212221007/,1
原田葵 欅坂 ガラスを割れ ポスター 会場限定,0,1111,https://item.mercari.com/jp/m56181592665/,1
欅坂 織田奈那 ポスター,1,1111,https://item.mercari.com/jp/m15890712996/,0
欅坂 影山優佳 ポスター,1,1111,https://item.mercari.com/jp/m55971507254/,1
ガラスを割れ ポスター 小池美波,1,1111,https://item.mercari.com/jp/m84902622703/,1
ポスター 欅坂 柿崎芽実 ガラスを割れ,1,1111,https://item.mercari.com/jp/m67867669387/,1
欅坂 富田鈴花 ガラスを割れ ポスター,4,1111,https://item.mercari.com/jp/m83317226530/,0
欅坂 宮田萌愛 ガラスを割れ ポスター,0,1111,https://item.mercari.com/jp/m81413514051/,1
欅坂 守屋茜 ガラスを割れ ポスター,1,1111,https://item.mercari.com/jp/m92035329203/,1
欅坂 原田葵 ガラスを割れ ポスター,0,1111,https://item.mercari.com/jp/m58949799713/,1
欅坂ひらがなけやきガラスを割れ会場限定ポスター河田陽菜,1,1111,https://item.mercari.com/jp/m80652309501/,1
欅坂 土生瑞穂 ポスター,3,1111,https://item.mercari.com/jp/m51781093178/,1
欅坂 濱岸ひより ガラスを割れ ポスター,1,1111,https://item.mercari.com/jp/m76107579087/,1
けやき坂 富田鈴花 ポスター,2,1100,https://item.mercari.com/jp/m53767560342/,1
欅坂 織田奈々 ポスター,0,1100,https://item.mercari.com/jp/m75756837440/,0
欅坂掲載雑誌点他点 河田陽菜生写真付,3,1100,https://item.mercari.com/jp/m50077924509/,1
欅坂ポスター,0,1100,https://item.mercari.com/jp/m83382716543/,0
けやき坂 松田好花 ポスター,1,1100,https://item.mercari.com/jp/m89729509198/,1
けやき坂 潮紗理菜 ポスター,1,1100,https://item.mercari.com/jp/m74376825889/,0
けやき坂 佐々木美玲 ポスター,1,1100,https://item.mercari.com/jp/m63372094493/,1
けやき坂 濱岸ひより ポスター,8,1100,https://item.mercari.com/jp/m30554331185/,1
けやき坂 高本彩花 ポスター,0,1100,https://item.mercari.com/jp/m64948655805/,1
けやき坂 金村美玖 ポスター,2,1100,https://item.mercari.com/jp/m30598900533/,1
欅坂 原田葵 ポスター,0,1100,https://item.mercari.com/jp/m14612126659/,1
けやき坂 宮田愛萌 ポスター,3,1100,https://item.mercari.com/jp/m31289046932/,1
欅坂 富田鈴花 ポスター,1,1100,https://item.mercari.com/jp/m18631858370/,1
丹生明里 ガラスを割れ ポスター,10,1099,https://item.mercari.com/jp/m91317942266/,0
高本彩花 欅坂 ガラスを割れ ポスター,2,1000,https://item.mercari.com/jp/m49859649918/,0
ぜかまし様専用,0,1000,https://item.mercari.com/jp/m49442798337/,1
欅坂 原田葵 ガラスを割れ 会場限定ポスター,1,1000,https://item.mercari.com/jp/m25071400851/,1
欅坂 ガラスを割れ 宮田愛萌 会場限定ポスター,6,1000,https://item.mercari.com/jp/m22113018223/,1
様専用松田好花ポスター 欅坂ポスターガラスを割れポスター,7,1000,https://item.mercari.com/jp/m39698661938/,1
齊藤京子 ポスター,1,1000,https://item.mercari.com/jp/m23679134967/,1
ポスター,1,1000,https://item.mercari.com/jp/m99704311961/,1
欅坂 ガラスを割れ ポスター,7,1000,https://item.mercari.com/jp/m64863987802/,1
欅坂 ガラスを割れ ポスター,0,1000,https://item.mercari.com/jp/m85010509526/,1
けやき坂 河田陽奈 ポスター,4,1000,https://item.mercari.com/jp/m39544319183/,1
欅坂　ガラスを割れ　佐藤詩織　ポスター,1,1000,https://item.mercari.com/jp/m44824525458/,0
けやき坂 潮紗理菜 ポスター,2,1000,https://item.mercari.com/jp/m23726936529/,1
欅坂けやき坂 宮田愛萌 ガラスを割れ ポスター,2,1000,https://item.mercari.com/jp/m60623941109/,1
欅坂 佐藤詩織 ガラスを割れポスター,4,1000,https://item.mercari.com/jp/m75959949375/,0
欅坂 佐藤詩織 ポスター,2,1000,https://item.mercari.com/jp/m45944418805/,1
 様専用,0,1000,https://item.mercari.com/jp/m57127024915/,1
尾関梨香ポスターサイズ,1,1000,https://item.mercari.com/jp/m21568849943/,1
即購入可欅坂 ポスター ガラスを割れ 長沢菜々香,8,1000,https://item.mercari.com/jp/m85396963769/,1
欅坂 丹生明里 ガラスを割れポスター,2,1000,https://item.mercari.com/jp/m95049677404/,1
新品欅坂 全国握手会 ポスター 原田葵,1,1000,https://item.mercari.com/jp/m58633749198/,1
新品欅坂 全国握手会 ポスター 丹生明里,4,1000,https://item.mercari.com/jp/m90110054483/,1
「まりっか様専用」けやき坂 金村美玖 ガラスを割れ 会場限定ポスター,3,999,https://item.mercari.com/jp/m20202712538/,0
欅坂 ポスター 枚セット,0,999,https://item.mercari.com/jp/m32695759074/,1
米谷奈々未 欅坂 ガラスを割れ ポスター,0,999,https://item.mercari.com/jp/m64463258810/,0
佐藤詩織 ガラスを割れポスター,0,999,https://item.mercari.com/jp/m75453103819/,0
米谷奈々未 欅坂 ガラスを割れ ポスター,1,999,https://item.mercari.com/jp/m58714064388/,0
ポスター石森虹花,3,999,https://item.mercari.com/jp/m19164001191/,0
乃木坂 向井葉月,9,999,https://item.mercari.com/jp/m75919858790/,0
原田葵 欅坂 ガラスを割れ,2,999,https://item.mercari.com/jp/m43673067158/,1
欅坂 「ガラスを割れポスター」原田葵,7,999,https://item.mercari.com/jp/m73043452485/,1
欅坂 齋藤冬優花 ポスター,1,999,https://item.mercari.com/jp/m71161933217/,0
欅坂 「ガラスを割れポスター」宮田 愛萌,3,999,https://item.mercari.com/jp/m68484844834/,1
欅坂 「ガラスを割れポスター」富田鈴花,1,999,https://item.mercari.com/jp/m64573956608/,1
高本彩花 ガラスを割れ ポスター,2,999,https://item.mercari.com/jp/m96017398938/,1
金村美玖 欅坂 ガラスを割れ,1,999,https://item.mercari.com/jp/m22675670128/,1
欅坂 原田葵 ガラスを割れ ポスター,1,999,https://item.mercari.com/jp/m41018103072/,1
高瀬愛奈 欅坂 ガラスを割れ,1,999,https://item.mercari.com/jp/m33626844057/,0
ポスター齋藤冬優花,1,999,https://item.mercari.com/jp/m95648980718/,0
けやき坂 富田鈴花 ガラスを割れ ポスター,2,999,https://item.mercari.com/jp/m69659577008/,1
米谷奈々未 欅坂 ガラスを割れ ポスター,1,999,https://item.mercari.com/jp/m52152574194/,0
河田陽菜 ポスター ひらがなけやき,3,999,https://item.mercari.com/jp/m67584666790/,1
欅坂 ガラスを割れ ポスター,1,999,https://item.mercari.com/jp/m13917060288/,1
欅坂　ポスター佐々木美玲,1,999,https://item.mercari.com/jp/m50348917179/,1
欅坂 枚目ガラスを割れポスター河田,1,999,https://item.mercari.com/jp/m15244096293/,1
欅坂 枚目ガラスを割れ,4,999,https://item.mercari.com/jp/m67105232345/,1
乃木坂 伊藤純奈,0,999,https://item.mercari.com/jp/m41743931599/,0
乃木坂 川後陽菜,1,999,https://item.mercari.com/jp/m19757968845/,0
乃木坂 斎藤ちはる,2,999,https://item.mercari.com/jp/m86969790789/,0
欅坂 ガラスを割れ ポスター 原田葵,4,999,https://item.mercari.com/jp/m32338321626/,1
米谷奈々未 ポスター ガラスを割れ,0,999,https://item.mercari.com/jp/m30498927867/,0
欅坂 ポスター 佐藤詩織,1,999,https://item.mercari.com/jp/m84959484674/,0
欅坂 齋藤冬優花 ガラスを割れ ポスター,0,999,https://item.mercari.com/jp/m91060676008/,0
欅坂 佐藤詩織 ガラスを割れ ポスター,1,999,https://item.mercari.com/jp/m49498972528/,0
欅坂 ポスター ガラスを割れ,0,999,https://item.mercari.com/jp/m82457522977/,0
欅坂 織田那奈 ガラスを割れポスター,0,999,https://item.mercari.com/jp/m83526503505/,0
けやき坂欅坂 高瀬愛奈 ポスター,0,999,https://item.mercari.com/jp/m63852209751/,0
欅坂　シングルガラスを割れ 全国握手会参加券,0,999,https://item.mercari.com/jp/m75258649060/,1
欅坂 「ガラスを割れポスター」金村美玖,2,998,https://item.mercari.com/jp/m96876416759/,1
欅坂 けやき坂 ガラスを割れ 富田鈴花 ポスター,1,950,https://item.mercari.com/jp/m48170412472/,1
欅坂 ガラスを割れ ポスター  高本彩花 会場限定 けやき坂,15,950,https://item.mercari.com/jp/m24990581708/,0
欅坂 ガラスを割れ 織田那奈 ポスター,3,950,https://item.mercari.com/jp/m69171846776/,0
欅坂 佐藤詩織 ポスター ガラスを割れ,3,950,https://item.mercari.com/jp/m39992396040/,0
石森虹花ガラスを割れスペシャルポスター,2,921,https://item.mercari.com/jp/m89236121287/,1
欅坂 齋藤冬優花 ガラスを割れ ポスター,0,900,https://item.mercari.com/jp/m75134719690/,0
齋藤冬優花 欅坂 ガラスを割れ ポスター,0,900,https://item.mercari.com/jp/m61854860905/,0
欅坂 佐藤詩織 ポスター,0,900,https://item.mercari.com/jp/m58692023134/,0
欅坂 織田奈那 ポスター,0,900,https://item.mercari.com/jp/m24184765313/,0
しゅー様専用,0,900,https://item.mercari.com/jp/m46930809989/,1
シンクロニシティ 会場限定ポスター 斎藤ちはる,1,900,https://item.mercari.com/jp/m30879072031/,1
欅坂 織田奈々 「ガラスを割れ」ポスター,1,900,https://item.mercari.com/jp/m47632858650/,0
欅坂 石森虹花 ポスター,2,900,https://item.mercari.com/jp/m67639639096/,1
佐々木美玲 ポスター,1,900,https://item.mercari.com/jp/m47347246292/,1
欅坂 米谷奈々未 ポスター,2,889,https://item.mercari.com/jp/m74798666672/,0
けやき坂 井口眞緒 ポスター,2,889,https://item.mercari.com/jp/m90094274782/,0
織田奈那 ポスター,3,888,https://item.mercari.com/jp/m20985403892/,1
ガラスを割れ ポスター 欅坂 けやき坂 影山,9,888,https://item.mercari.com/jp/m40527047297/,1
原田葵 ポスター,5,888,https://item.mercari.com/jp/m55778842246/,0
欅坂 ガラスを割れ ポスター,2,888,https://item.mercari.com/jp/m90424428132/,0
欅坂 ガラスを割れポスター 石森虹花,9,888,https://item.mercari.com/jp/m45489441987/,1
米谷奈々未 サイズ ポスター,0,888,https://item.mercari.com/jp/m34776600629/,0
欅坂 齋藤冬優花 ガラスを割れ ポスター,2,888,https://item.mercari.com/jp/m67090216939/,0
けやき坂 佐々木久美 ガラスを割れ ポスター,3,888,https://item.mercari.com/jp/m45720010004/,0
欅坂 織田奈那 ガラスを割れ ポスター,0,888,https://item.mercari.com/jp/m63925176411/,0
欅坂 佐藤詩織 ガラスを割れ ポスター,1,888,https://item.mercari.com/jp/m98890725597/,0
専用 石森虹花 欅坂 ポスター ガラスを割れ 会場限定,1,888,https://item.mercari.com/jp/m33752550047/,1
シンクロニシティ 会場限定ポスター 中田花奈,0,888,https://item.mercari.com/jp/m36379575773/,1
欅坂 井口眞緒 ポスター ガラスを割れ,1,888,https://item.mercari.com/jp/m50118707264/,1
欅坂 けやき坂 井口眞緒 ポスター,1,888,https://item.mercari.com/jp/m90816046762/,0
欅坂「ガラスを割れ」富田鈴花 ポスタ―,2,888,https://item.mercari.com/jp/m87967061197/,1
欅坂 ガラスを割れ 石森虹花 ポスター,8,888,https://item.mercari.com/jp/m58690313263/,0
欅坂 枚目シングル ガラスを割れ,0,888,https://item.mercari.com/jp/m70170103902/,1
欅坂 シングル ガラスを割れ ポスター 石森虹花,2,888,https://item.mercari.com/jp/m44560631760/,1
欅坂 石森虹花 ポスター ガラスを割れ,2,888,https://item.mercari.com/jp/m64581895702/,1
佐々木久美 ポスター,0,888,https://item.mercari.com/jp/m67141513196/,0
欅坂 ガラスを割れ 米谷奈々未 ポスター,0,850,https://item.mercari.com/jp/m95674694151/,0
ポスター 欅坂 けやき坂 富田鈴花,6,850,https://item.mercari.com/jp/m36107400462/,1
ポスター 欅坂,0,846,https://item.mercari.com/jp/m29542105057/,0
佐藤詩織ガラスを割れスペシャルポスター,0,833,https://item.mercari.com/jp/m42173369750/,0
ポスター米谷奈々未,3,800,https://item.mercari.com/jp/m61748898080/,0
欅坂 けやき坂 ガラスを割れ 丹生明里 ポスター,4,800,https://item.mercari.com/jp/m18837737167/,1
つくつく様専用,3,800,https://item.mercari.com/jp/m60436539703/,1
欅坂 けやき坂 富田鈴花 ポスター,1,800,https://item.mercari.com/jp/m20388517163/,1
欅坂 ポスター ガラスを割れ 石森虹花,2,800,https://item.mercari.com/jp/m41966530881/,0
欅坂 ガラスを割れ ポスター 織田奈那,2,800,https://item.mercari.com/jp/m66579448396/,0
欅坂 ガラスを割れ  ,3,799,https://item.mercari.com/jp/m58485314215/,0
けやき坂欅坂 井口眞緒 ポスター,4,799,https://item.mercari.com/jp/m24199834292/,0
欅坂　米谷奈々未　ガラスを割れ　ポスター,1,799,https://item.mercari.com/jp/m93014998712/,0
欅坂 ガラスを割れポスター 高本彩花,6,780,https://item.mercari.com/jp/m54148595091/,0
欅坂 ガラスを割れ 織田奈那 ポスター,6,777,https://item.mercari.com/jp/m84960340984/,0
欅坂 米谷奈々未 ガラスを割れ ポスター,1,777,https://item.mercari.com/jp/m58260065876/,0
欅坂 佐藤詩織 ガラスを割れ ポスター,0,777,https://item.mercari.com/jp/m90205891350/,0
欅坂 齋藤冬優花 ガラスを割れ ポスター,0,777,https://item.mercari.com/jp/m31883255001/,0
欅坂 齋藤冬優花 ガラスを割れ ポスター,2,777,https://item.mercari.com/jp/m47277954193/,0
欅坂 ガラス割れ ポスター,0,777,https://item.mercari.com/jp/m97360606741/,0
欅坂 齋藤冬優花 ポスター ガラスを割れ,1,777,https://item.mercari.com/jp/m25002999099/,0
欅坂 ガラスを割れ 石森虹花 ポスター,3,777,https://item.mercari.com/jp/m66435670303/,1
欅坂 　けやき坂　高瀬愛奈　ガラスを割れ　ポスター　傷あり,2,777,https://item.mercari.com/jp/m33794842826/,0
欅坂 ガラスを割れ 井口眞緒 ポスター,1,777,https://item.mercari.com/jp/m74100159184/,0
欅坂 ガラスを割れ 高瀬愛奈 ポスター,2,777,https://item.mercari.com/jp/m88432089803/,0
欅坂 ガラスを割れ 潮紗理菜 ポスター,1,777,https://item.mercari.com/jp/m83121000669/,1
けやき坂 佐々木久美 ポスター,0,777,https://item.mercari.com/jp/m50540320855/,1
欅坂 けやき坂 井口眞緒 ポスター ガラスを割れ,1,777,https://item.mercari.com/jp/m29975622568/,1
欅坂 ガラスを割れ 織田奈那 ポスター,2,777,https://item.mercari.com/jp/m52111409416/,1
欅坂 ガラスを割れ 齊藤冬優花 ポスター,2,777,https://item.mercari.com/jp/m37590261049/,0
欅坂 ガラスを割れ 佐藤詩織 ポスター,2,777,https://item.mercari.com/jp/m68203925322/,1
潮紗理菜 ガラスを割れ ポスター けやき坂 欅坂 ひらがなけやき,8,750,https://item.mercari.com/jp/m44706810033/,1
欅坂 織田奈那 ポスター,6,700,https://item.mercari.com/jp/m62517945860/,0
欅坂 石森虹花 ポスター,4,700,https://item.mercari.com/jp/m31265063337/,1
欅坂 齋藤冬優花 ポスター,0,700,https://item.mercari.com/jp/m16873295860/,0
けやき坂 佐々木久美 ポスター,5,700,https://item.mercari.com/jp/m38082935908/,0
欅坂 まとめ売り,2,700,https://item.mercari.com/jp/m88223151698/,1
けやき坂 高瀬愛奈 ポスター,3,700,https://item.mercari.com/jp/m74628280456/,0
欅坂 米谷奈々未 ポスター,1,700,https://item.mercari.com/jp/m21022151324/,0
乃木坂 欅坂 ポスター セット,1,700,https://item.mercari.com/jp/m58031533272/,1
欅坂 齋藤冬優花 ガラスを割れ ポスター,1,700,https://item.mercari.com/jp/m27698935478/,0
井口眞緒ガラスを割れスペシャルポスター,1,674,https://item.mercari.com/jp/m31471834431/,1
ガラスを割れ 米谷奈々未 ポスター,2,666,https://item.mercari.com/jp/m66308143505/,1
宮田愛萌 ポスター,0,666,https://item.mercari.com/jp/m57446383607/,1
けやき坂 ポスター 佐々木美玲,3,666,https://item.mercari.com/jp/m73585744933/,1
けやき坂 ポスター 佐々木久美,0,666,https://item.mercari.com/jp/m47114033085/,1
けやき坂 ポスター 濱岸ひより,0,666,https://item.mercari.com/jp/m97866904764/,1
ガラスを割れ ポスター 高本彩花,1,666,https://item.mercari.com/jp/m31977895319/,1
けやき坂 高瀬愛奈 ポスター,3,666,https://item.mercari.com/jp/m20694056230/,0
欅坂 シングル ガラスを割れ ポスター 米谷奈々未,1,666,https://item.mercari.com/jp/m79514147557/,1
欅坂 平手友梨奈  月号 ポスター付き 雑誌,3,600,https://item.mercari.com/jp/m14933038029/,0
欅坂 ポスター,1,600,https://item.mercari.com/jp/m35424701766/,1
欅坂ガラスを割れポスター風広告,0,600,https://item.mercari.com/jp/m36142730757/,1
あみてる様専用,2,600,https://item.mercari.com/jp/m11963791756/,1
欅坂　ガラスを割れポスター風広告,2,600,https://item.mercari.com/jp/m53653045981/,1
欅坂 ポスター,1,600,https://item.mercari.com/jp/m11843759330/,1
欅坂 井口眞緒 ガラスを割れ ポスター,2,600,https://item.mercari.com/jp/m50268618044/,0
即購入可 濱岸ひより ポスター ガラスを割れ 欅坂 ,2,555,https://item.mercari.com/jp/m68318511576/,1
けやき坂 ポスター 井口眞緒,1,555,https://item.mercari.com/jp/m67474214338/,0
欅坂 ガラスを割れ ポスター,2,555,https://item.mercari.com/jp/m11662258414/,0
欅坂 シングル ガラスを割れ ポスター 河田陽菜,2,555,https://item.mercari.com/jp/m86762226912/,1
欅坂 けやき坂 期生 渡邉美穂 封入 ガラスを割れ ヨリ,3,555,https://item.mercari.com/jp/m60084884534/,1
欅坂 けやき坂 ガラスを割れ 高瀬愛奈 ポスター,1,550,https://item.mercari.com/jp/m32633691382/,0
石森虹花 ポスター,1,544,https://item.mercari.com/jp/m64309933623/,1
とっしゃん様専用,5,500,https://item.mercari.com/jp/m77556521109/,1
欅坂 ポスター,2,500,https://item.mercari.com/jp/m84846901423/,1
欅坂 まとめ売り,4,500,https://item.mercari.com/jp/m92422607314/,1
欅坂 ポスター,3,450,https://item.mercari.com/jp/m24574512374/,1
欅坂 ガラスを割れ 通常盤,2,320,https://item.mercari.com/jp/m93012977880/,0
守屋 茜 ガラスを割れ 生写真,2,300,https://item.mercari.com/jp/m93960930197/,0
